Aaron Gordon,20
Aaron Holiday,3
Al Horford,6
Alec Burks,1
Alex Len,8
Al-Farouq Aminu,1
Alfonzo McKinnie,1
Alize Johnson,1
Andre Drummond,47
Andrew Wiggins,4
Anfernee Simons,1
Ante Zizic,1
Anthony Davis,29
Anthony Tolliver,1
Aron Baynes,3
Bam Adebayo,40
Ben McLemore,1
Ben Simmons,31
Bismack Biyombo,8
Blake Griffin,2
Boban Marjanovic,6
Bobby Portis,5
Bogdan Bogdanovic,2
Bradley Beal,8
Brandon Clarke,3
Brandon Ingram,9
Brook Lopez,4
Bruce Brown,4
Bruno Caboclo,1
Bruno Fernando,1
Buddy Hield,2
C.J. McCollum,4
Cameron Johnson,2
Caris LeVert,2
Carmelo Anthony,5
Cedi Osman,2
Cheick Diallo,1
Chris Boucher,5
Chris Chiozza,1
Chris Paul,10
Christian Wood,12
Clint Capela,27
Cody Zeller,10
Damian Lillard,19
Damion Lee,3
D'Angelo Russell,3
Daniel Theis,7
Danilo Gallinari,3
Danuel House,2
Dario Saric,9
Darius Bazley,1
Darius Garland,1
Davis Bertans,1
De'Aaron Fox,9
Deandre Ayton,23
DeAndre' Bembry,2
De'Andre Hunter,3
DeAndre Jordan,13
Dejounte Murray,6
Delon Wright,1
DeMar DeRozan,7
Derrick Favors,18
Derrick Rose,4
Devin Booker,11
Devonte' Graham,17
Dewayne Dedmon,3
Domantas Sabonis,50
Donovan Mitchell,1
Donte DiVincenzo,1
Dorian Finney-Smith,5
Draymond Green,8
Duncan Robinson,1
Dwight Howard,9
Dwight Powell,1
Elfrid Payton,6
Enes Kanter,9
Eric Bledsoe,2
Eric Paschall,4
Ersan Ilyasova,5
Frank Kaminsky,1
Frank Ntilikina,1
Fred VanVleet,8
Garrett Temple,2
Gary Payton II,1
Giannis Antetokounmpo,56
Glenn Robinson III,1
Goga Bitadze,1
Goran Dragic,3
Gordon Hayward,8
Gorgui Dieng,9
Hamidou Diallo,3
Harrison Barnes,4
Harry Giles,2
Hassan Whiteside,51
Ian Mahinmi,1
Isaiah Hartenstein,2
Isaiah Thomas,1
Ish Smith,1
Ivica Zubac,10
Ja Morant,15
Jabari Parker,2
Jae Crowder,6
Jahlil Okafor,2
Jakob Poeltl,4
Jalen Brunson,2
Jamal Murray,3
James Ennis III,1
James Harden,22
JaMychal Green,7
Jaren Jackson Jr.,3
Jarrett Allen,30
JaVale McGee,2
Jaxson Hayes,3
Jaylen Brown,8
Jayson Tatum,10
Jeff Teague,3
Jeremy Lamb,2
Jimmy Butler,11
Joe Ingles,3
Joel Embiid,37
John Collins,22
John Henson,1
Jonas Valanciunas,39
Jonathan Isaac,5
Jordan McLaughlin,2
Josh Hart,10
Jrue Holiday,10
Juan Hernangomez,4
Julius Randle,30
Justise Winslow,1
Jusuf Nurkic,3
Karl-Anthony Towns,24
Kawhi Leonard,13
Keldon Johnson,1
Kelly Olynyk,3
Kelly Oubre Jr.,9
Kemba Walker,2
Kevin Huerter,2
Kevin Love,23
Khris Middleton,7
Kristaps Porzingis,25
Kyle Kuzma,2
Kyle Lowry,15
Kyle O'Quinn,2
Kyrie Irving,3
LaMarcus Aldridge,14
Larry Nance Jr.,12
Lauri Markkanen,3
LeBron James,46
Lonzo Ball,12
Lou Williams,2
Luka Doncic,39
Malcolm Brogdon,9
Malik Beasley,1
Malik Monk,1
Marc Gasol,3
Marcus Morris,3
Marcus Smart,3
Mario Hezonja,1
Markelle Fultz,4
Markieff Morris,1
Marquese Chriss,9
Marvin Bagley III,3
Mason Plumlee,2
Matthew Dellavedova,1
Maxi Kleber,2
Meyers Leonard,2
Michael Porter Jr.,9
Mikal Bridges,1
Miles Bridges,4
Mitchell Robinson,8
Mo Bamba,2
Montrezl Harrell,12
Moritz Wagner,2
Myles Turner,9
Nassir Little,1
Naz Reid,2
Nemanja Bjelica,10
Nerlens Noel,3
Nikola Jokic,43
Nikola Vucevic,41
OG Anunoby,5
Omari Spellman,1
P.J. Tucker,6
P.J. Washington,4
Pascal Siakam,12
Patrick Beverley,4
Patrick McCaw,1
Patrick Patterson,1
Paul George,5
Paul Millsap,5
Rajon Rondo,2
Reggie Jackson,1
Richaun Holmes,13
Ricky Rubio,22
RJ Barrett,2
Robert Covington,7
Rondae Hollis-Jefferson,2
Royce O'Neale,2
Rudy Gay,4
Rudy Gobert,49
Rui Hachimura,3
Russell Westbrook,22
Sekou Doumbouya,2
Serge Ibaka,20
Shabazz Napier,2
Shai Gilgeous-Alexander,9
Shaquille Harrison,1
Skal Labissiere,1
Spencer Dinwiddie,9
Stephen Curry,1
Sterling Brown,1
Steven Adams,22
T.J. Leaf,1
T.J. McConnell,2
T.J. Warren,2
Taurean Prince,8
Terance Mann,1
Terence Davis,1
Terry Rozier,2
Thaddeus Young,2
Thomas Bryant,11
Thon Maker,2
Tobias Harris,11
Tomas Satoransky,3
Tony Bradley,1
Torrey Craig,2
Trae Young,28
Trey Lyles,2
Tristan Thompson,25
Troy Brown Jr.,6
Tyler Herro,1
Wendell Carter Jr.,17
Will Barton,7
Willie Cauley-Stein,3
Willy Hernangomez,2
Zach LaVine,2
Zion Williamson,2
